unlawyerlike1800@outlook.com	738.209742275581
phonophoric1811@outlook.com	-254.73020559716872
euphonism1927@yandex.com	-691.620629720004
clam1814@yandex.com	342.20782861511225
biasing1979@live.com	901.8035961908502
deermeat1980@protonmail.com	-523.4240794474151
entails1820@protonmail.com	548.6159181238747
